{
	"credit": "Made with Blockbench",
	"textures": {
		"0": "block/1",
		"2": "item/gltf_embedded_0",
		"particle": "block/1"
	},
	"elements": [
		{
			"from": [3, 4, 2],
			"to": [15, 13, 24],
			"rotation": {"angle": 0, "axis": "y", "origin": [17, 9, 17]},
			"faces": {
				"north": {"uv": [7, 0.25, 8.5, 2.25], "texture": "#2"},
				"east": {"uv": [0, 2, 3, 4], "texture": "#2"},
				"south": {"uv": [7, 0.25, 8.5, 2.25], "texture": "#2"},
				"west": {"uv": [0, 0, 3, 2], "texture": "#2"},
				"up": {"uv": [3, 3, 5.25, 6.25], "texture": "#2"},
				"down": {"uv": [3, 1, 5, 2.25], "texture": "#2"}
			}
		},
		{
			"from": [5, 6, -6],
			"to": [13, 12, 2],
			"rotation": {"angle": 0, "axis": "y", "origin": [18, 9, 1]},
			"faces": {
				"north": {"uv": [0, 6.75, 2.75, 7.75], "texture": "#2"},
				"east": {"uv": [0, 0, 1.25, 2], "texture": "#2"},
				"south": {"uv": [0, 0, 8, 6], "texture": "#missing"},
				"west": {"uv": [0, 0, 1.25, 2], "texture": "#2"},
				"up": {"uv": [0, 6.75, 2.75, 7.75], "texture": "#2"},
				"down": {"uv": [3, 2, 5, 3], "texture": "#2"}
			}
		},
		{
			"from": [7.5, 8, -11],
			"to": [10.5, 11, -6],
			"rotation": {"angle": 0, "axis": "y", "origin": [19, 9, -7]},
			"faces": {
				"north": {"uv": [0, 6.75, 2.75, 7.75], "texture": "#2"},
				"east": {"uv": [0, 6.75, 2.75, 7.75], "texture": "#2"},
				"south": {"uv": [0, 0, 3, 3], "texture": "#missing"},
				"west": {"uv": [0, 6.75, 2.75, 7.75], "texture": "#2"},
				"up": {"uv": [0, 6.75, 2.75, 7.75], "texture": "#2"},
				"down": {"uv": [0, 6.75, 2.75, 7.75], "texture": "#2"}
			}
		},
		{
			"from": [8, 4, -16],
			"to": [10, 16, -10],
			"rotation": {"angle": 0, "axis": "y", "origin": [19, 15, -9]},
			"faces": {
				"north": {"uv": [0, 6.75, 2.75, 7.75], "texture": "#2"},
				"east": {"uv": [0, 6.75, 2.75, 7.75], "texture": "#2"},
				"south": {"uv": [0, 6.75, 2.75, 7.75], "texture": "#2"},
				"west": {"uv": [0, 6.75, 2.75, 7.75], "texture": "#2"},
				"up": {"uv": [0, 6.75, 2.75, 7.75], "texture": "#2"},
				"down": {"uv": [0, 6.75, 2.75, 7.75], "texture": "#2"}
			}
		},
		{
			"from": [5, 4.5, 24],
			"to": [13, 9.5, 32],
			"rotation": {"angle": 22.5, "axis": "x", "origin": [12, 11, 32]},
			"faces": {
				"north": {"uv": [0, 0, 8, 5], "texture": "#missing"},
				"east": {"uv": [11.25, 0, 12.75, 1.25], "texture": "#2"},
				"south": {"uv": [11.25, 1.25, 12.75, 2.25], "texture": "#2"},
				"west": {"uv": [12.75, 0, 14.25, 1.25], "texture": "#2"},
				"up": {"uv": [8.75, 0, 10.5, 1.75], "texture": "#2"},
				"down": {"uv": [10, 2.75, 11.25, 3.75], "texture": "#2"}
			}
		},
		{
			"from": [6, 5, 24],
			"to": [12, 6, 30],
			"rotation": {"angle": 0, "axis": "y", "origin": [12, 11, 32]},
			"faces": {
				"north": {"uv": [0, 0, 6, 1], "texture": "#2"},
				"east": {"uv": [0, 0, 2.25, 0.75], "texture": "#2"},
				"south": {"uv": [0, 0, 2.25, 0.75], "texture": "#2"},
				"west": {"uv": [0, 0, 2.25, 0.75], "texture": "#2"},
				"up": {"uv": [10, 2.75, 11.25, 3.75], "texture": "#2"},
				"down": {"uv": [3, 0, 5, 1.25], "texture": "#2"}
			}
		},
		{
			"from": [8, 13.1, 12],
			"to": [9, 17.1, 18],
			"rotation": {"angle": 45, "axis": "x", "origin": [3, 22, 10]},
			"faces": {
				"north": {"uv": [5.8125, 2.28906, 6.8125, 6.28906], "texture": "#0"},
				"east": {"uv": [0, 6.75, 2.75, 7.75], "texture": "#2"},
				"south": {"uv": [0, 0, 1, 4], "texture": "#0"},
				"west": {"uv": [0, 6.75, 2.75, 7.75], "texture": "#2"},
				"up": {"uv": [0, 6.75, 2.75, 7.75], "texture": "#2"},
				"down": {"uv": [10.85938, 1.90625, 11.85938, 7.90625], "rotation": 180, "texture": "#0"}
			}
		},
		{
			"from": [17, 1, 10],
			"to": [24, 2, 14],
			"rotation": {"angle": -22.5, "axis": "z", "origin": [25, 9, 21]},
			"faces": {
				"north": {"uv": [0, 6.75, 2.75, 7.75], "texture": "#2"},
				"east": {"uv": [0, 6.75, 2.75, 7.75], "texture": "#2"},
				"south": {"uv": [0, 6.75, 2.75, 7.75], "texture": "#2"},
				"west": {"uv": [0, 0, 4, 1], "texture": "#0"},
				"up": {"uv": [0, 6.75, 2.75, 7.75], "texture": "#2"},
				"down": {"uv": [0, 6.75, 2.75, 7.75], "texture": "#2"}
			}
		},
		{
			"from": [-7, 4.3, 10],
			"to": [0, 5.3, 14],
			"rotation": {"angle": 22.5, "axis": "z", "origin": [1, 13, 21]},
			"faces": {
				"north": {"uv": [0, 6.75, 2.75, 7.75], "texture": "#2"},
				"east": {"uv": [0, 0, 4, 1], "texture": "#0"},
				"south": {"uv": [0, 6.75, 2.75, 7.75], "texture": "#2"},
				"west": {"uv": [0, 6.75, 2.75, 7.75], "texture": "#2"},
				"up": {"uv": [0, 6.75, 2.75, 7.75], "texture": "#2"},
				"down": {"uv": [0, 6.75, 2.75, 7.75], "texture": "#2"}
			}
		},
		{
			"from": [6, 5, -2],
			"to": [7, 8, 1],
			"rotation": {"angle": -22.5, "axis": "x", "origin": [14, 13, 6]},
			"faces": {
				"north": {"uv": [0, 6.75, 2.75, 7.75], "texture": "#2"},
				"east": {"uv": [0, 6.75, 2.75, 7.75], "texture": "#2"},
				"south": {"uv": [0, 6.75, 2.75, 7.75], "texture": "#2"},
				"west": {"uv": [0, 6.75, 2.75, 7.75], "texture": "#2"},
				"up": {"uv": [0, 6.75, 2.75, 7.75], "texture": "#2"},
				"down": {"uv": [0, 6.75, 2.75, 7.75], "texture": "#2"}
			}
		},
		{
			"from": [8.5, 7, -10],
			"to": [9.5, 10, -7],
			"rotation": {"angle": -22.5, "axis": "x", "origin": [16, 15, -2]},
			"faces": {
				"north": {"uv": [0, 6.75, 2.75, 7.75], "texture": "#2"},
				"east": {"uv": [0, 6.75, 2.75, 7.75], "texture": "#2"},
				"south": {"uv": [0, 0, 1, 3], "texture": "#missing"},
				"west": {"uv": [0, 6.75, 2.75, 7.75], "texture": "#2"},
				"up": {"uv": [0, 6.75, 2.75, 7.75], "texture": "#2"},
				"down": {"uv": [0, 6.75, 2.75, 7.75], "texture": "#2"}
			}
		},
		{
			"from": [11, 5, -2],
			"to": [12, 8, 1],
			"rotation": {"angle": -22.5, "axis": "x", "origin": [19, 13, 6]},
			"faces": {
				"north": {"uv": [0, 6.75, 2.75, 7.75], "texture": "#2"},
				"east": {"uv": [0, 6.75, 2.75, 7.75], "texture": "#2"},
				"south": {"uv": [0, 6.75, 2.75, 7.75], "texture": "#2"},
				"west": {"uv": [0, 6.75, 2.75, 7.75], "texture": "#2"},
				"up": {"uv": [0, 6.75, 2.75, 7.75], "texture": "#2"},
				"down": {"uv": [0, 6.75, 2.75, 7.75], "texture": "#2"}
			}
		}
	],
	"display": {
		"thirdperson_righthand": {
			"rotation": [0, 125, 0],
			"scale": [0.5, 0.5, 0.5]
		},
		"thirdperson_lefthand": {
			"rotation": [0, -135, 0],
			"scale": [0.5, 0.5, 0.5]
		},
		"firstperson_righthand": {
			"rotation": [-63, 0, 0],
			"translation": [0.25, 0, 0],
			"scale": [0.5, 0.5, 0.5]
		},
		"firstperson_lefthand": {
			"rotation": [-59, 0, 0],
			"scale": [0.5, 0.5, 0.5]
		},
		"ground": {
			"scale": [0.5, 0.5, 0.5]
		},
		"gui": {
			"rotation": [0, -56, 0],
			"scale": [0.4, 0.4, 0.4]
		},
		"fixed": {
			"rotation": [0, 90, 0],
			"translation": [0, 0, -1.75],
			"scale": [0.5, 0.5, 0.5]
		}
	}
}